"Order Number","created_at","status","client_name","fulfillment_center_name","quantity","ageing"
"RSR4671629509",2018-07-27 13:22:54,"FF","RSR INFORMATICS PVT-PAYTM","DELFC4",2,5
"RSR4671629509",2018-07-27 13:22:54,"FF","RSR INFORMATICS PVT-PAYTM","DELFC4",4,5
"RSR4671629509",2018-07-27 13:22:54,"FF","RSR INFORMATICS PVT-PAYTM","DELFC4",3,5
"RSR4671629509",2018-07-27 13:22:54,"FF","RSR INFORMATICS PVT-PAYTM","DELFC4",1,5
"RSR4671629509",2018-07-27 13:22:54,"FF","RSR INFORMATICS PVT-PAYTM","DELFC4",4,5
"RSR4671629509",2018-07-27 13:22:54,"FF","RSR INFORMATICS PVT-PAYTM","DELFC4",2,5
"RSR4671629509",2018-07-27 13:22:54,"FF","RSR INFORMATICS PVT-PAYTM","DELFC4",1,5
"RSR4671629509",2018-07-27 13:22:54,"FF","RSR INFORMATICS PVT-PAYTM","DELFC4",13,5
"RSR4671629509",2018-07-27 13:22:54,"FF","RSR INFORMATICS PVT-PAYTM","DELFC4",4,5
